Workbook

Sheet README
A1: UAT Scoring Workbook
A2: AI-Powered Amharic Document Digitization and Semantic Retrieval System · Task 11 (UAT)
A4: How to use
A5: 1. Blue text cells are INPUT cells. Black cells are formulas: do not type over them.
A6: 2. Participants sheet: one row per participant (use IDs P1, P2, ... not names).
A7: 3. Tasks sheet: for each participant and task T1-T7 enter success code (Y = alone, H = with help, N = failed) and time in seconds. Leave the time BLANK when the participant failed (N), so that averages use successful attempts only.
A8: 4. SUS sheet: enter the 10 answers (1-5) exactly as ticked on the form. The score is calculated automatically.
A9: 5. Issues sheet: list the problems with severity 0-4 and number of participants affected.
A10: 6. Summary sheet: copy these numbers into Section 8.4 of the report chapter.
A11: 7. Row "EX" in each sheet is an EXAMPLE showing the format. It is NOT counted in any calculation. Replace or delete it.
A13: SUS scoring rule: odd items = answer - 1; even items = 5 - answer; sum x 2.5 (0-100). Benchmark: 68 = average usability (Sauro & Lewis, 2016).
A14: Capacity: up to 9 participants (rows P1-P9); the proposal requires 5 to 8.

Sheet Participants
A1: Participant ID | B1: Group (student / staff / legal-research) | C1: Age band | D1: Searches Amharic docs (Never/Sometimes/Often) | E1: Computer comfort (1-5) | F1: Device (laptop/phone) | G1: Language of SUS form (am/en) | H1: Date of session
A2: EX | B2: student | C2: 18-24 | D2: Sometimes | E2: 4 | F2: laptop | G2: am | H2: 2026-10-20
A3: P1
A4: P2
A5: P3
A6: P4
A7: P5
A8: P6
A9: P7
A10: P8
A11: P9

Sheet Tasks
A1: Participant ID | B1: T1 success | C1: T2 success | D1: T3 success | E1: T4 success | F1: T5 success | G1: T6 success | H1: T7 success | I1: T1 time (s) | J1: T2 time (s) | K1: T3 time (s) | L1: T4 time (s) | M1: T5 time (s) | N1: T6 time (s) | O1: T7 time (s) | P1: T1 SEQ (1-7) | Q1: T2 SEQ (1-7) | R1: T3 SEQ (1-7) | S1: T4 SEQ (1-7) | T1: T5 SEQ (1-7) | U1: T6 SEQ (1-7) | V1: T7 SEQ (1-7) | W1: Success alone (count) | X1: Success rate alone
A2: EX | B2: Y | C2: Y | D2: H | E2: Y | F2: Y | G2: Y | H2: Y | I2: 42 | J2: 25 | K2: 70 | L2: 38 | M2: 12 | N2: 95 | O2: 30 | P2: 6 | Q2: 6 | R2: 5 | S2: 6 | T2: 7 | U2: 5 | V2: 6 | W2: =COUNTIF(B2:H2,"Y") -> 6 | X2: =IF(COUNTA(B2:H2)=0,"",W2/7) -> 0.85714286
A3: =IF(Participants!A3="","",Participants!A3) -> P1 | W3: =COUNTIF(B3:H3,"Y") -> 0 | X3: =IF(COUNTA(B3:H3)=0,"",W3/7)
A4: =IF(Participants!A4="","",Participants!A4) -> P2 | W4: =COUNTIF(B4:H4,"Y") -> 0 | X4: =IF(COUNTA(B4:H4)=0,"",W4/7)
A5: =IF(Participants!A5="","",Participants!A5) -> P3 | W5: =COUNTIF(B5:H5,"Y") -> 0 | X5: =IF(COUNTA(B5:H5)=0,"",W5/7)
A6: =IF(Participants!A6="","",Participants!A6) -> P4 | W6: =COUNTIF(B6:H6,"Y") -> 0 | X6: =IF(COUNTA(B6:H6)=0,"",W6/7)
A7: =IF(Participants!A7="","",Participants!A7) -> P5 | W7: =COUNTIF(B7:H7,"Y") -> 0 | X7: =IF(COUNTA(B7:H7)=0,"",W7/7)
A8: =IF(Participants!A8="","",Participants!A8) -> P6 | W8: =COUNTIF(B8:H8,"Y") -> 0 | X8: =IF(COUNTA(B8:H8)=0,"",W8/7)
A9: =IF(Participants!A9="","",Participants!A9) -> P7 | W9: =COUNTIF(B9:H9,"Y") -> 0 | X9: =IF(COUNTA(B9:H9)=0,"",W9/7)
A10: =IF(Participants!A10="","",Participants!A10) -> P8 | W10: =COUNTIF(B10:H10,"Y") -> 0 | X10: =IF(COUNTA(B10:H10)=0,"",W10/7)
A11: =IF(Participants!A11="","",Participants!A11) -> P9 | W11: =COUNTIF(B11:H11,"Y") -> 0 | X11: =IF(COUNTA(B11:H11)=0,"",W11/7)

Sheet SUS
A1: Participant ID | B1: Q1 | C1: Q2 | D1: Q3 | E1: Q4 | F1: Q5 | G1: Q6 | H1: Q7 | I1: Q8 | J1: Q9 | K1: Q10 | L1: SUS score (0-100) | M1: Rating
A2: EX | B2: 4 | C2: 2 | D2: 5 | E2: 1 | F2: 4 | G2: 2 | H2: 5 | I2: 2 | J2: 4 | K2: 2 | L2: =IF(COUNT(B2:K2)<10,"",((B2-1)+(5-C2)+(D2-1)+(5-E2)+(F2-1)+(5-G2)+(H2-1)+(5-I2)+(J2-1)+(5-K2))*2.5) -> 82.5 | M2: =IF(L2="","",IF(L2>=80,"Excellent",IF(L2>=68,"Good (average or above)",IF(L2>=51,"OK, below average","Poor")))) -> Excellent
A3: =IF(Participants!A3="","",Participants!A3) -> P1 | L3: =IF(COUNT(B3:K3)<10,"",((B3-1)+(5-C3)+(D3-1)+(5-E3)+(F3-1)+(5-G3)+(H3-1)+(5-I3)+(J3-1)+(5-K3))*2.5) | M3: =IF(L3="","",IF(L3>=80,"Excellent",IF(L3>=68,"Good (average or above)",IF(L3>=51,"OK, below average","Poor"))))
A4: =IF(Participants!A4="","",Participants!A4) -> P2 | L4: =IF(COUNT(B4:K4)<10,"",((B4-1)+(5-C4)+(D4-1)+(5-E4)+(F4-1)+(5-G4)+(H4-1)+(5-I4)+(J4-1)+(5-K4))*2.5) | M4: =IF(L4="","",IF(L4>=80,"Excellent",IF(L4>=68,"Good (average or above)",IF(L4>=51,"OK, below average","Poor"))))
A5: =IF(Participants!A5="","",Participants!A5) -> P3 | L5: =IF(COUNT(B5:K5)<10,"",((B5-1)+(5-C5)+(D5-1)+(5-E5)+(F5-1)+(5-G5)+(H5-1)+(5-I5)+(J5-1)+(5-K5))*2.5) | M5: =IF(L5="","",IF(L5>=80,"Excellent",IF(L5>=68,"Good (average or above)",IF(L5>=51,"OK, below average","Poor"))))
A6: =IF(Participants!A6="","",Participants!A6) -> P4 | L6: =IF(COUNT(B6:K6)<10,"",((B6-1)+(5-C6)+(D6-1)+(5-E6)+(F6-1)+(5-G6)+(H6-1)+(5-I6)+(J6-1)+(5-K6))*2.5) | M6: =IF(L6="","",IF(L6>=80,"Excellent",IF(L6>=68,"Good (average or above)",IF(L6>=51,"OK, below average","Poor"))))
A7: =IF(Participants!A7="","",Participants!A7) -> P5 | L7: =IF(COUNT(B7:K7)<10,"",((B7-1)+(5-C7)+(D7-1)+(5-E7)+(F7-1)+(5-G7)+(H7-1)+(5-I7)+(J7-1)+(5-K7))*2.5) | M7: =IF(L7="","",IF(L7>=80,"Excellent",IF(L7>=68,"Good (average or above)",IF(L7>=51,"OK, below average","Poor"))))
A8: =IF(Participants!A8="","",Participants!A8) -> P6 | L8: =IF(COUNT(B8:K8)<10,"",((B8-1)+(5-C8)+(D8-1)+(5-E8)+(F8-1)+(5-G8)+(H8-1)+(5-I8)+(J8-1)+(5-K8))*2.5) | M8: =IF(L8="","",IF(L8>=80,"Excellent",IF(L8>=68,"Good (average or above)",IF(L8>=51,"OK, below average","Poor"))))
A9: =IF(Participants!A9="","",Participants!A9) -> P7 | L9: =IF(COUNT(B9:K9)<10,"",((B9-1)+(5-C9)+(D9-1)+(5-E9)+(F9-1)+(5-G9)+(H9-1)+(5-I9)+(J9-1)+(5-K9))*2.5) | M9: =IF(L9="","",IF(L9>=80,"Excellent",IF(L9>=68,"Good (average or above)",IF(L9>=51,"OK, below average","Poor"))))
A10: =IF(Participants!A10="","",Participants!A10) -> P8 | L10: =IF(COUNT(B10:K10)<10,"",((B10-1)+(5-C10)+(D10-1)+(5-E10)+(F10-1)+(5-G10)+(H10-1)+(5-I10)+(J10-1)+(5-K10))*2.5) | M10: =IF(L10="","",IF(L10>=80,"Excellent",IF(L10>=68,"Good (average or above)",IF(L10>=51,"OK, below average","Poor"))))
A11: =IF(Participants!A11="","",Participants!A11) -> P9 | L11: =IF(COUNT(B11:K11)<10,"",((B11-1)+(5-C11)+(D11-1)+(5-E11)+(F11-1)+(5-G11)+(H11-1)+(5-I11)+(J11-1)+(5-K11))*2.5) | M11: =IF(L11="","",IF(L11>=80,"Excellent",IF(L11>=68,"Good (average or above)",IF(L11>=51,"OK, below average","Poor"))))
A13: Items: Q1,3,5,7,9 positive (answer-1); Q2,4,6,8,10 negative (5-answer). Row EX is an example and is not counted in the Summary.

Sheet Issues
A1: # | B1: Screen / task | C1: Problem observed | D1: Participants affected (count) | E1: Severity (0-4) | F1: Proposed fix | G1: Status (open/fixed/retested)
A2: EX | B2: T2 | C2: Participant did not notice the highlighted passage and scrolled past it | D2: 2 | E2: 3 | F2: Scroll highlight into view automatically | G2: fixed
A3: 1
A4: 2
A5: 3
A6: 4
A7: 5
A8: 6
A9: 7
A10: 8
A11: 9
A12: 10
A13: 11
A14: 12
... A22: 20

Sheet Summary
A1: UAT Summary (example row EX excluded)
A3: Participants (n) | B3: =COUNT(SUS!L3:L11) -> 0
A4: Mean SUS score | B4: =IF(B3=0,"",AVERAGE(SUS!L3:L11))
A5: Median SUS score | B5: =IF(B3=0,"",MEDIAN(SUS!L3:L11))
A6: Std. deviation | B6: =IF(B3<2,"",STDEV(SUS!L3:L11))
A7: Minimum / Maximum | B7: =IF(B3=0,"",MIN(SUS!L3:L11)) | C7: =IF(B3=0,"",MAX(SUS!L3:L11))
A8: 95% confidence interval (+/-) | B8: =IF(B3<2,"",TINV(0.05,B3-1)*B6/SQRT(B3))
A9: Lower / upper bound | B9: =IF(B3<2,"",B4-B8) | C9: =IF(B3<2,"",B4+B8)
A10: Benchmark (average usability) | B10: 68 | D10: Source: Sauro & Lewis (2016); input assumption, may be changed.
A11: Meets benchmark (mean >= 68)? | B11: =IF(B3=0,"",IF(B4>=B10,"YES","NO"))
A12: Overall rating of the mean | B12: =IF(B3=0,"",IF(B4>=80,"Excellent",IF(B4>=68,"Good (average or above)",IF(B4>=51,"OK, below average","Poor"))))
A14: Per-task results
A15: Task | B15: Success alone (Y) | C15: With help (H) | D15: Failed (N) | E15: Success rate alone | F15: Success incl. help | G15: Mean time (s) of successes | H15: Median time (s) | I15: Mean ease (SEQ 1-7)
A16: T1 | B16: =COUNTIF(Tasks!B3:B11,"Y") -> 0 | C16: =COUNTIF(Tasks!B3:B11,"H") -> 0 | D16: =COUNTIF(Tasks!B3:B11,"N") -> 0 | E16: =IF(SUM(B16:D16)=0,"",B16/SUM(B16:D16)) | F16: =IF(SUM(B16:D16)=0,"",(B16+C16)/SUM(B16:D16)) | G16: =IF(COUNT(Tasks!I3:I11)=0,"",AVERAGE(Tasks!I3:I11)) | H16: =IF(COUNT(Tasks!I3:I11)=0,"",MEDIAN(Tasks!I3:I11)) | I16: =IF(COUNT(Tasks!P3:P11)=0,"",AVERAGE(Tasks!P3:P11))
A17: T2 | B17: =COUNTIF(Tasks!C3:C11,"Y") -> 0 | C17: =COUNTIF(Tasks!C3:C11,"H") -> 0 | D17: =COUNTIF(Tasks!C3:C11,"N") -> 0 | E17: =IF(SUM(B17:D17)=0,"",B17/SUM(B17:D17)) | F17: =IF(SUM(B17:D17)=0,"",(B17+C17)/SUM(B17:D17)) | G17: =IF(COUNT(Tasks!J3:J11)=0,"",AVERAGE(Tasks!J3:J11)) | H17: =IF(COUNT(Tasks!J3:J11)=0,"",MEDIAN(Tasks!J3:J11)) | I17: =IF(COUNT(Tasks!Q3:Q11)=0,"",AVERAGE(Tasks!Q3:Q11))
A18: T3 | B18: =COUNTIF(Tasks!D3:D11,"Y") -> 0 | C18: =COUNTIF(Tasks!D3:D11,"H") -> 0 | D18: =COUNTIF(Tasks!D3:D11,"N") -> 0 | E18: =IF(SUM(B18:D18)=0,"",B18/SUM(B18:D18)) | F18: =IF(SUM(B18:D18)=0,"",(B18+C18)/SUM(B18:D18)) | G18: =IF(COUNT(Tasks!K3:K11)=0,"",AVERAGE(Tasks!K3:K11)) | H18: =IF(COUNT(Tasks!K3:K11)=0,"",MEDIAN(Tasks!K3:K11)) | I18: =IF(COUNT(Tasks!R3:R11)=0,"",AVERAGE(Tasks!R3:R11))
A19: T4 | B19: =COUNTIF(Tasks!E3:E11,"Y") -> 0 | C19: =COUNTIF(Tasks!E3:E11,"H") -> 0 | D19: =COUNTIF(Tasks!E3:E11,"N") -> 0 | E19: =IF(SUM(B19:D19)=0,"",B19/SUM(B19:D19)) | F19: =IF(SUM(B19:D19)=0,"",(B19+C19)/SUM(B19:D19)) | G19: =IF(COUNT(Tasks!L3:L11)=0,"",AVERAGE(Tasks!L3:L11)) | H19: =IF(COUNT(Tasks!L3:L11)=0,"",MEDIAN(Tasks!L3:L11)) | I19: =IF(COUNT(Tasks!S3:S11)=0,"",AVERAGE(Tasks!S3:S11))
A20: T5 | B20: =COUNTIF(Tasks!F3:F11,"Y") -> 0 | C20: =COUNTIF(Tasks!F3:F11,"H") -> 0 | D20: =COUNTIF(Tasks!F3:F11,"N") -> 0 | E20: =IF(SUM(B20:D20)=0,"",B20/SUM(B20:D20)) | F20: =IF(SUM(B20:D20)=0,"",(B20+C20)/SUM(B20:D20)) | G20: =IF(COUNT(Tasks!M3:M11)=0,"",AVERAGE(Tasks!M3:M11)) | H20: =IF(COUNT(Tasks!M3:M11)=0,"",MEDIAN(Tasks!M3:M11)) | I20: =IF(COUNT(Tasks!T3:T11)=0,"",AVERAGE(Tasks!T3:T11))
A21: T6 | B21: =COUNTIF(Tasks!G3:G11,"Y") -> 0 | C21: =COUNTIF(Tasks!G3:G11,"H") -> 0 | D21: =COUNTIF(Tasks!G3:G11,"N") -> 0 | E21: =IF(SUM(B21:D21)=0,"",B21/SUM(B21:D21)) | F21: =IF(SUM(B21:D21)=0,"",(B21+C21)/SUM(B21:D21)) | G21: =IF(COUNT(Tasks!N3:N11)=0,"",AVERAGE(Tasks!N3:N11)) | H21: =IF(COUNT(Tasks!N3:N11)=0,"",MEDIAN(Tasks!N3:N11)) | I21: =IF(COUNT(Tasks!U3:U11)=0,"",AVERAGE(Tasks!U3:U11))
A22: T7 | B22: =COUNTIF(Tasks!H3:H11,"Y") -> 0 | C22: =COUNTIF(Tasks!H3:H11,"H") -> 0 | D22: =COUNTIF(Tasks!H3:H11,"N") -> 0 | E22: =IF(SUM(B22:D22)=0,"",B22/SUM(B22:D22)) | F22: =IF(SUM(B22:D22)=0,"",(B22+C22)/SUM(B22:D22)) | G22: =IF(COUNT(Tasks!O3:O11)=0,"",AVERAGE(Tasks!O3:O11)) | H22: =IF(COUNT(Tasks!O3:O11)=0,"",MEDIAN(Tasks!O3:O11)) | I22: =IF(COUNT(Tasks!V3:V11)=0,"",AVERAGE(Tasks!V3:V11))
A23: All tasks | B23: =SUM(B16:B22) -> 0 | C23: =SUM(C16:C22) -> 0 | D23: =SUM(D16:D22) -> 0 | E23: =IF(SUM(B23:D23)=0,"",B23/SUM(B23:D23)) | F23: =IF(SUM(B23:D23)=0,"",(B23+C23)/SUM(B23:D23))
A25: Targets: mean SUS >= 68; success rate alone >= 80% (row "All tasks", column E); median T1 time <= 60 s.
A26: Success rate alone meets target (>= 80%)? | B26: =IF(E23="","",IF(E23>=0.8,"YES","NO"))
A27: Median T1 time meets target (<= 60 s)? | B27: =IF(H16="","",IF(H16<=60,"YES","NO"))
A28: Unresolved critical issues (severity 4, status not fixed/retested) | B28: =COUNTIF(Issues!E3:E22,4)-COUNTIFS(Issues!E3:E22,4,Issues!G3:G22,"fixed")-COUNTIFS(Issues!E3:E22,4,Issues!G3:G22,"retested") -> 0
